Year.GHD;Bor;Bur;Cha2;LLV;Spa;Swi
1354;NA;13.09;NA;NA;NA;NA
1355;NA;11.47;NA;NA;NA;NA
1356;NA;NA;NA;NA;NA;NA
1357;NA;16.09;NA;NA;NA;NA
1358;NA;NA;NA;NA;NA;NA
1359;NA;NA;NA;NA;NA;NA
1360;NA;NA;NA;NA;NA;NA
1361;NA;NA;NA;NA;NA;NA
1362;NA;NA;NA;NA;NA;NA
1363;NA;NA;NA;NA;NA;NA
1364;NA;NA;NA;NA;NA;NA
1365;NA;NA;NA;NA;NA;NA
1366;NA;NA;NA;NA;NA;NA
1367;NA;NA;NA;NA;NA;NA
1368;NA;NA;NA;NA;NA;NA
1369;NA;NA;NA;NA;NA;NA
1370;NA;NA;NA;NA;NA;NA
1371;NA;17.00;NA;NA;NA;NA
1372;NA;23.99;NA;NA;NA;NA
1373;NA;15.88;NA;NA;NA;NA
1374;NA;24.99;NA;NA;NA;NA
1375;NA;16.99;NA;NA;NA;NA
1376;NA;19.89;NA;NA;NA;NA
1377;NA;NA;NA;NA;NA;NA
1378;NA;21.09;NA;NA;NA;NA
1379;NA;21.54;NA;NA;NA;NA
1380;NA;18.37;NA;NA;NA;NA
1381;NA;19.28;NA;NA;NA;NA
1382;NA;11.48;NA;NA;NA;NA
1383;NA;2.49;NA;NA;NA;NA
1384;NA;3.79;NA;NA;NA;NA
1385;NA;6.96;NA;NA;NA;NA
1386;NA;16.09;NA;NA;NA;NA
1387;NA;18.09;NA;NA;NA;NA
1388;NA;22.89;NA;NA;NA;NA
1389;NA;21.49;NA;NA;NA;NA
1390;NA;13.37;NA;NA;NA;NA
1391;NA;13.87;NA;NA;NA;NA
1392;NA;35.97;NA;NA;NA;NA
1393;NA;-0.91;NA;NA;NA;NA
1394;NA;27.50;NA;NA;NA;NA
1395;NA;23.75;NA;NA;NA;NA
1396;NA;13.25;NA;NA;NA;NA
1397;NA;8.25;NA;NA;NA;NA
1398;NA;20.25;NA;NA;NA;NA
1399;NA;26.25;NA;NA;NA;NA
1400;NA;8.86;NA;NA;NA;NA
1401;NA;15.48;NA;NA;NA;NA
1402;NA;11.09;NA;NA;NA;NA
1403;NA;15.18;NA;NA;NA;NA
1404;NA;26.09;NA;NA;NA;NA
1405;NA;24.54;NA;NA;NA;NA
1406;NA;22.09;NA;NA;NA;NA
1407;NA;23.97;NA;NA;NA;NA
1408;NA;23.99;NA;NA;NA;NA
1409;NA;14.88;NA;NA;NA;NA
1410;NA;11.69;NA;NA;NA;NA
1411;NA;32.67;NA;NA;NA;NA
1412;NA;14.68;NA;NA;NA;NA
1413;NA;10.20;NA;NA;NA;NA
1414;NA;25.86;NA;NA;NA;NA
1415;NA;18.28;NA;NA;NA;NA
1416;NA;22.09;NA;NA;NA;NA
1417;NA;18.09;NA;NA;NA;NA
1418;NA;7.09;NA;NA;NA;NA
1419;NA;15.47;NA;NA;NA;NA
1420;NA;-4.91;NA;NA;NA;NA
1421;NA;20.49;NA;NA;NA;NA
1422;NA;8.09;NA;NA;NA;NA
1423;NA;22.95;NA;NA;NA;NA
1424;NA;9.73;NA;NA;NA;NA
1425;NA;12.75;NA;NA;NA;NA
1426;NA;10.49;NA;NA;NA;NA
1427;NA;21.25;NA;NA;NA;NA
1428;NA;32.25;NA;NA;NA;NA
1429;NA;21.25;NA;NA;NA;NA
1430;NA;11.50;NA;NA;NA;NA
1431;NA;15.75;NA;NA;NA;NA
1432;NA;11.00;NA;NA;NA;NA
1433;NA;9.50;NA;NA;NA;NA
1434;NA;-2.75;NA;NA;NA;NA
1435;NA;18.25;NA;NA;NA;NA
1436;NA;26.75;NA;NA;NA;NA
1437;NA;25.00;NA;NA;NA;NA
1438;NA;19.00;NA;NA;NA;NA
1439;NA;13.00;NA;NA;NA;NA
1440;NA;24.50;NA;NA;NA;NA
1441;NA;14.50;NA;NA;NA;NA
1442;NA;37.00;NA;NA;NA;NA
1443;NA;21.25;NA;NA;NA;NA
1444;NA;19.00;NA;NA;NA;NA
1445;NA;16.00;NA;NA;NA;NA
1446;NA;24.00;NA;NA;NA;NA
1447;NA;27.00;NA;NA;NA;NA
1448;NA;26.00;NA;NA;NA;NA
1449;49.0;33.25;NA;NA;NA;NA
1450;NA;22.25;NA;NA;NA;NA
1451;45.0;35.75;NA;NA;NA;NA
1452;NA;20.75;NA;NA;NA;NA
1453;NA;35.25;NA;NA;NA;NA
1454;NA;32.25;NA;NA;NA;NA
1455;NA;29.25;NA;NA;NA;NA
1456;NA;30.75;NA;NA;NA;NA
1457;NA;10.50;NA;NA;NA;NA
1458;NA;17.25;NA;NA;NA;NA
1459;NA;31.25;NA;NA;NA;NA
1460;NA;NA;NA;NA;NA;NA
1461;27.0;12.25;NA;NA;NA;NA
1462;NA;14.75;NA;NA;NA;NA
1463;NA;29.75;NA;NA;NA;NA
1464;NA;9.75;NA;NA;NA;NA
1465;59.0;37.50;NA;NA;NA;NA
1466;NA;23.50;NA;NA;NA;NA
1467;NA;23.75;NA;NA;NA;NA
1468;NA;30.25;NA;NA;NA;NA
1469;NA;19.25;NA;NA;NA;NA
1470;NA;33.75;NA;NA;NA;NA
1471;NA;9.75;NA;NA;NA;NA
1472;NA;17.75;NA;NA;NA;NA
1473;NA;-3.75;NA;NA;NA;NA
1474;45.0;31.75;NA;NA;NA;NA
1475;NA;21.75;NA;NA;NA;NA
1476;36.0;21.25;NA;NA;NA;NA
1477;NA;35.75;NA;NA;NA;NA
1478;25.0;17.25;NA;NA;NA;NA
1479;NA;11.75;NA;NA;NA;NA
1480;NA;32.25;NA;NA;NA;48.0
1481;NA;43.25;NA;NA;NA;NA
1482;41.0;12.50;NA;NA;NA;NA
1483;26.0;11.50;NA;NA;NA;NA
1484;14.0;16.75;NA;NA;NA;NA
1485;53.0;36.25;NA;NA;NA;NA
1486;NA;15.25;NA;NA;NA;NA
1487;NA;17.75;NA;NA;NA;NA
1488;NA;40.75;NA;NA;NA;NA
1489;NA;28.25;NA;NA;NA;NA
1490;NA;22.50;NA;NA;NA;NA
1491;NA;42.50;NA;NA;NA;NA
1492;NA;14.00;NA;NA;NA;NA
1493;NA;29.25;NA;NA;NA;NA
1494;NA;14.25;NA;NA;NA;NA
1495;NA;9.75;NA;NA;NA;NA
1496;NA;34.25;NA;NA;NA;44.0
1497;NA;34.25;NA;NA;NA;23.0
1498;NA;29.75;NA;NA;NA;34.0
1499;NA;25.75;NA;NA;49.0;35.0
1500;NA;10.25;NA;NA;40.0;NA
1501;NA;15.50;NA;NA;37.0;NA
1502;NA;22.25;NA;NA;NA;33.0
1503;NA;19.25;NA;NA;39.0;17.0
1504;NA;9.25;NA;NA;36.0;27.0
1505;NA;39.75;NA;NA;NA;46.0
1506;NA;22.75;NA;NA;48.0;41.0
1507;NA;12.75;NA;NA;NA;26.0
1508;NA;26.50;NA;NA;53.0;NA
1509;NA;14.75;NA;NA;NA;35.0
1510;NA;21.75;NA;NA;45.0;35.0
1511;NA;40.50;NA;NA;35.0;51.0
1512;NA;18.25;NA;NA;45.0;33.0
1513;NA;12.00;NA;NA;57.0;35.0
1514;NA;29.50;NA;NA;NA;36.0
1515;NA;28.25;NA;NA;NA;46.0
1516;NA;6.25;NA;NA;NA;NA
1517;NA;22.50;NA;NA;45.0;24.0
1518;NA;18.50;NA;NA;NA;35.0
1519;NA;32.75;NA;NA;47.0;41.0
1520;NA;5.00;NA;NA;NA;26.0
1521;NA;10.00;NA;NA;NA;26.0
1522;NA;28.75;NA;NA;NA;41.0
1523;NA;22.25;NA;NA;NA;35.0
1524;NA;8.00;NA;NA;NA;NA
1525;NA;13.75;NA;NA;NA;NA
1526;NA;25.00;NA;NA;NA;33.0
1527;NA;36.25;NA;NA;61.0;NA
1528;NA;27.75;NA;NA;53.0;39.0
1529;NA;31.25;NA;NA;45.0;50.0
1530;NA;8.25;NA;NA;NA;50.0
1531;NA;26.50;NA;NA;NA;35.0
1532;27.0;16.75;NA;NA;NA;NA
1533;35.0;27.75;NA;NA;NA;39.0
1534;24.0;13.25;NA;NA;NA;NA
1535;NA;24.75;NA;NA;NA;NA
1536;NA;5.75;NA;NA;NA;NA
1537;NA;31.75;NA;NA;NA;NA
1538;NA;6.75;NA;NA;NA;NA
1539;NA;19.25;NA;NA;NA;NA
1540;NA;-0.75;NA;NA;37.0;NA
1541;NA;39.75;NA;NA;53.0;NA
1542;NA;47.00;NA;NA;49.0;NA
1543;NA;26.25;NA;NA;48.0;NA
1544;NA;25.00;NA;NA;NA;NA
1545;NA;8.75;NA;NA;31.0;NA
1546;NA;14.25;NA;NA;32.0;NA
1547;NA;21.25;NA;NA;NA;NA
1548;NA;22.75;NA;NA;NA;NA
1549;NA;28.25;NA;NA;NA;21.0
1550;NA;29.25;NA;NA;NA;39.0
1551;NA;19.75;NA;NA;47.0;34.8
1552;NA;8.75;NA;NA;45.0;27.3
1553;NA;28.75;NA;NA;51.0;38.3
1554;NA;13.00;NA;NA;41.0;30.8
1555;NA;32.75;NA;NA;49.0;45.3
1556;NA;-6.75;NA;NA;41.0;6.6
1557;NA;23.25;NA;NA;70.0;37.0
1558;NA;22.25;NA;NA;52.0;36.0
1559;NA;-2.75;NA;NA;NA;17.0
1560;NA;32.50;NA;NA;54.0;42.6
1561;NA;9.75;NA;NA;41.0;32.6
1562;NA;17.00;NA;NA;47.0;33.3
1563;NA;23.25;NA;NA;NA;44.0
1564;NA;42.50;NA;NA;42.0;34.6
1565;NA;9.00;NA;NA;45.0;43.3
1566;NA;25.75;NA;NA;42.0;29.0
1567;NA;14.75;NA;NA;39.0;41.0
1568;NA;24.75;NA;NA;48.0;46.6
1569;NA;20.75;NA;NA;NA;50.0
1570;NA;31.50;NA;NA;NA;52.6
1571;NA;NA;NA;NA;NA;27.6
1572;NA;15.50;NA;NA;52.0;32.6
1573;NA;35.75;NA;NA;49.0;53.6
1574;NA;25.25;NA;NA;45.0;34.6
1575;NA;19.75;NA;NA;39.0;38.0
1576;NA;30.25;NA;NA;55.0;46.6
1577;NA;27.25;NA;NA;47.0;43.0
1578;NA;16.25;NA;NA;32.0;43.6
1579;NA;33.25;NA;NA;38.0;52.6
1580;NA;23.75;NA;NA;43.0;32.6
1581;NA;28.75;NA;NA;35.0;40.5
1582;NA;24.50;NA;NA;44.0;26.7
1583;NA;6.75;NA;NA;31.0;25.3
1584;NA;20.25;NA;NA;33.0;37.0
1585;NA;30.50;NA;NA;53.0;44.6
1586;27.0;28.75;NA;NA;35.0;36.0
1587;32.0;38.75;NA;NA;30.0;40.5
1588;24.0;20.50;NA;NA;33.0;40.0
1589;NA;25.25;NA;NA;39.0;30.8
1590;NA;8.75;NA;NA;43.0;20.0
1591;33.5;28.50;NA;NA;44.0;42.6
1592;26.0;28.25;NA;NA;42.0;46.0
1593;33.5;28.50;NA;NA;36.0;44.6
1594;47.8;27.75;NA;NA;37.0;48.4
1595;29.5;21.50;NA;NA;32.0;42.9
1596;36.3;36.75;NA;NA;52.0;47.6
1597;41.5;38.25;NA;NA;45.0;45.6
1598;31.5;20.25;NA;NA;35.0;35.6
1599;20.5;6.75;NA;NA;31.0;24.0
1600;50.5;40.75;NA;NA;32.0;48.6
1601;35.5;31.25;NA;NA;52.0;45.8
1602;23.5;19.25;NA;NA;35.0;27.5
1603;20.8;2.75;NA;NA;31.0;17.6
1604;NA;15.25;NA;NA;35.0;29.0
1605;33.5;15.25;NA;NA;NA;26.8
1606;45.5;29.75;NA;NA;28.0;49.6
1607;29.5;16.25;NA;NA;33.0;34.5
1608;41.5;28.25;NA;NA;40.0;43.6
1609;21.5;21.75;NA;NA;46.0;38.6
1610;27.3;14.75;NA;NA;35.0;22.6
1611;19.0;6.75;NA;NA;37.0;19.6
1612;32.0;27.75;NA;NA;40.0;36.8
1613;34.0;21.25;NA;NA;38.0;38.6
1614;NA;32.25;NA;NA;30.0;43.6
1615;27.5;14.25;NA;NA;22.0;28.0
1616;29.5;8.25;NA;NA;24.0;16.6
1617;24.5;28.25;NA;NA;42.0;54.3
1618;36.0;30.25;NA;NA;38.0;46.6
1619;NA;21.25;NA;NA;42.0;29.6
1620;38.0;24.75;NA;NA;39.0;42.0
1621;45.0;42.25;NA;NA;49.0;63.5
1622;NA;20.75;NA;NA;26.0;41.0
1623;25.0;12.25;NA;NA;39.0;34.5
1624;NA;11.25;NA;NA;30.0;23.6
1625;NA;29.50;NA;NA;38.0;40.6
1626;39.5;23.50;NA;NA;49.0;32.6
1627;NA;42.25;NA;NA;49.0;51.6
1628;NA;40.50;NA;NA;39.0;68.5
1629;30.0;25.25;NA;NA;52.0;21.6
1630;NA;15.25;NA;NA;NA;30.6
1631;NA;16.50;NA;NA;NA;26.7
1632;NA;30.50;NA;NA;NA;48.6
1633;36.5;33.50;NA;NA;56.0;40.7
1634;NA;29.50;NA;NA;39.0;32.6
1635;NA;21.50;NA;NA;31.0;35.6
1636;NA;0.50;NA;NA;31.0;24.3
1637;NA;-0.50;NA;NA;35.0;27.5
1638;NA;6.50;NA;NA;43.0;29.6
1639;NA;16.25;NA;NA;35.0;35.6
1640;34.5;27.75;NA;NA;45.0;37.7
1641;NA;26.75;NA;NA;37.0;42.8
1642;NA;29.25;NA;NA;38.0;46.6
1643;NA;27.75;NA;NA;40.0;48.5
1644;NA;11.50;NA;NA;40.0;30.0
1645;NA;5.75;NA;NA;41.0;29.5
1646;NA;12.75;NA;NA;24.0;41.8
1647;NA;18.75;NA;NA;37.0;41.5
1648;25.0;27.75;NA;NA;44.0;45.5
1649;NA;34.25;NA;NA;38.0;55.4
1650;36.5;23.00;NA;NA;36.0;49.5
1651;NA;14.75;NA;NA;32.0;33.5
1652;NA;17.75;NA;NA;37.0;37.6
1653;25.5;8.75;NA;NA;33.0;31.6
1654;NA;28.25;NA;NA;44.0;47.8
1655;NA;20.75;NA;NA;38.0;38.8
1656;NA;23.75;NA;NA;41.0;38.4
1657;NA;17.75;NA;NA;35.0;33.8
1658;NA;27.75;NA;NA;48.0;44.0
1659;NA;4.25;NA;NA;38.0;26.0
1660;NA;5.25;NA;NA;34.0;26.2
1661;NA;8.75;NA;NA;42.0;38.2
1662;19.5;20.25;NA;NA;39.0;45.5
1663;28.5;29.25;NA;NA;45.0;50.2
1664;NA;23.75;NA;NA;35.0;37.0
1665;21.5;13.25;NA;NA;NA;34.3
1666;12.8;8.25;NA;NA;NA;36.8
1667;NA;26.75;NA;NA;NA;51.4
1668;NA;16.75;NA;NA;NA;34.6
1669;NA;10.75;NA;NA;33.0;37.8
1670;NA;16.75;NA;NA;41.0;42.4
1671;NA;12.25;NA;NA;36.0;38.7
1672;NA;23.75;NA;NA;33.0;39.8
1673;NA;15.25;NA;NA;44.0;56.6
1674;NA;18.25;NA;NA;40.0;47.8
1675;60.0;37.25;NA;NA;56.0;64.2
1676;NA;4.25;NA;NA;35.0;28.3
1677;NA;16.75;NA;NA;38.0;47.8
1678;NA;15.25;NA;NA;54.0;36.9
1679;NA;18.75;NA;NA;43.0;34.3
1680;NA;5.75;NA;NA;46.0;40.8
1681;NA;5.75;NA;NA;37.0;38.8
1682;NA;26.25;NA;NA;44.0;57.6
1683;NA;7.75;NA;NA;37.0;41.5
1684;NA;-1.25;NA;NA;45.0;27.8
1685;NA;9.25;NA;NA;40.0;45.0
1686;NA;-0.25;NA;NA;35.0;33.5
1687;NA;23.25;NA;NA;40.0;41.6
1688;NA;23.25;NA;NA;51.0;45.7
1689;NA;24.50;NA;NA;36.0;50.6
1690;NA;18.50;NA;NA;52.0;46.7
1691;21.0;17.00;NA;NA;38.0;42.1
1692;NA;35.50;NA;NA;44.0;66.2
1693;NA;27.87;NA;NA;57.0;42.3
1694;NA;13.00;NA;NA;43.0;41.0
1695;NA;29.50;NA;NA;51.0;60.9
1696;34.5;27.50;NA;NA;41.0;47.3
1697;19.5;23.00;NA;NA;55.0;45.1
1698;46.5;38.00;NA;NA;52.0;67.6
1699;25.5;21.00;NA;NA;34.0;47.4
1700;NA;30.33;NA;NA;49.0;58.0
1701;NA;23.75;NA;NA;54.0;50.3
1702;NA;17.25;NA;NA;48.0;57.0
1703;NA;24.01;NA;NA;41.0;57.4
1704;NA;12.00;NA;NA;NA;34.2
1705;NA;26.83;NA;NA;NA;55.1
1706;NA;4.83;NA;NA;NA;37.6
1707;NA;21.08;NA;NA;NA;50.1
1708;NA;22.25;NA;NA;NA;45.4
1709;NA;30.58;NA;NA;NA;48.0
1710;NA;18.25;NA;NA;NA;43.1
1711;NA;24.25;NA;NA;43.0;56.0
1712;NA;26.58;NA;NA;44.0;47.6
1713;NA;33.93;NA;NA;52.0;59.8
1714;NA;28.01;NA;NA;58.0;57.8
1715;NA;25.75;NA;NA;NA;44.1
1716;NA;30.87;NA;NA;36.0;62.0
1717;NA;24.00;NA;NA;37.0;51.0
1718;NA;2.87;NA;NA;23.0;36.4
1719;NA;-2.00;NA;NA;30.0;49.0
1720;NA;26.58;NA;NA;45.0;56.5
1721;NA;30.87;NA;NA;45.0;60.7
1722;NA;23.25;NA;NA;36.0;45.2
1723;NA;16.50;NA;NA;34.0;46.0
1724;NA;16.93;NA;NA;29.0;47.8
1725;NA;40.87;NA;NA;49.0;64.8
1726;NA;9.08;NA;NA;41.0;32.0
1727;NA;10.05;NA;NA;41.0;47.0
1728;NA;13.93;NA;NA;41.0;46.8
1729;NA;29.87;NA;NA;44.0;46.3
1730;NA;27.93;NA;NA;44.0;55.4
1731;NA;19.74;NA;NA;43.0;52.8
1732;NA;19.16;NA;NA;52.0;50.3
1733;22.0;23.18;NA;NA;43.0;50.6
1734;NA;16.55;NA;NA;33.0;47.3
1735;42.0;36.01;NA;NA;53.0;54.6
1736;18.0;17.86;NA;NA;43.0;49.6
1737;15.0;16.93;NA;NA;51.0;45.7
1738;30.0;29.55;NA;NA;42.0;44.0
1739;NA;23.00;NA;NA;55.0;46.2
1740;NA;47.16;NA;NA;NA;65.2
1741;14.0;26.43;NA;NA;33.0;51.3
1742;NA;31.87;NA;NA;NA;61.5
1743;NA;26.50;NA;NA;49.0;61.6
1744;NA;30.16;NA;NA;NA;51.2
1745;NA;30.50;NA;NA;38.0;55.5
1746;30.0;26.87;NA;NA;48.0;45.8
1747;26.0;32.16;NA;NA;59.0;45.3
1748;NA;26.00;NA;NA;40.0;52.0
1749;31.0;29.16;NA;NA;47.0;49.7
1750;25.0;24.50;NA;NA;44.0;49.0
1751;36.0;35.87;NA;NA;44.0;58.6
1752;33.5;28.50;NA;NA;37.0;55.4
1753;27.8;19.87;NA;NA;33.0;49.0
1754;43.4;30.87;NA;NA;40.0;52.2
1755;25.8;16.87;NA;NA;45.0;51.1
1756;37.0;34.65;NA;NA;54.0;58.2
1757;31.0;26.65;NA;NA;43.0;52.8
1758;39.0;25.65;NA;NA;49.0;55.6
1759;23.0;24.16;NA;NA;NA;38.6
1760;20.0;15.87;NA;NA;48.0;38.6
1761;20.0;14.87;NA;NA;42.0;39.6
1762;18.0;15.87;NA;NA;35.0;38.0
1763;34.0;35.87;NA;NA;48.0;56.2
1764;24.0;12.87;NA;NA;29.0;48.0
1765;32.0;24.00;NA;NA;44.0;53.5
1766;35.0;26.16;NA;NA;42.0;47.6
1767;32.5;35.87;NA;NA;35.0;58.0
1768;27.0;27.87;NA;NA;38.0;51.3
1769;28.0;27.87;NA;NA;36.0;52.7
1770;42.0;36.00;NA;NA;50.0;58.0
1771;25.0;26.65;NA;NA;42.0;44.6
1772;22.0;24.65;NA;NA;NA;45.7
1773;36.5;27.87;NA;NA;40.0;59.0
1774;28.0;22.65;NA;NA;46.0;41.6
1775;25.0;25.87;NA;NA;42.0;50.6
1776;33.0;30.87;NA;NA;NA;47.0
1777;38.0;31.65;NA;NA;NA;50.8
1778;29.0;23.25;NA;NA;NA;40.3
1779;27.0;23.50;NA;NA;41.0;42.9
1780;26.0;19.16;NA;NA;NA;33.9
1781;21.0;10.87;NA;NA;NA;31.3
1782;27.0;30.87;NA;NA;46.0;48.0
1783;19.0;18.00;NA;NA;45.0;41.3
1784;20.0;15.86;NA;NA;42.0;38.2
1785;15.0;22.76;NA;NA;NA;53.6
1786;22.0;26.76;NA;NA;41.0;49.3
1787;34.0;33.87;NA;NA;46.0;50.8
1788;11.5;15.87;NA;NA;35.0;32.6
1789;37.0;37.65;NA;NA;43.0;52.3
1790;23.0;27.76;NA;NA;43.0;48.6
1791;26.0;19.65;NA;NA;43.0;37.0
1792;28.0;33.65;NA;NA;39.0;42.6
1793;NA;23.87;NA;NA;38.0;32.8
1794;NA;15.65;NA;NA;45.0;29.7
1795;26.3;26.87;NA;NA;43.0;35.3
1796;31.3;37.65;NA;NA;41.0;47.6
1797;29.8;38.87;NA;NA;44.0;36.0
1798;26.8;19.00;NA;NA;39.0;36.1
1799;27.8;39.16;NA;NA;44.0;58.0
1800;23.8;25.51;NA;NA;NA;32.8
1801;14.3;28.16;NA;37.1;NA;34.6
1802;22.0;23.87;NA;40.1;NA;31.9
1803;25.2;29.65;NA;44.1;NA;44.5
1804;14.2;29.87;NA;37.1;NA;40.3
1805;22.2;45.87;NA;58.1;NA;55.1
1806;20.2;27.87;32.0;37.1;NA;41.6
1807;11.3;24.87;NA;33.1;NA;29.7
1808;13.0;29.00;NA;33.1;NA;42.2
1809;28.7;46.16;NA;52.1;NA;60.0
1810;19.3;31.87;NA;45.1;NA;46.5
1811;13.2;14.00;NA;29.1;NA;32.4
1812;21.3;38.87;NA;51.1;NA;53.9
1813;34.2;41.16;NA;55.1;NA;55.6
1814;29.2;36.51;NA;53.1;NA;54.8
1815;25.2;23.00;NA;41.1;NA;40.5
1816;57.2;54.50;NA;65.1;NA;71.2
1817;33.2;41.87;NA;52.7;NA;49.5
1818;16.2;26.87;NA;30.7;NA;39.5
1819;21.2;26.16;NA;43.7;NA;42.8
1820;27.2;41.87;NA;53.1;NA;47.7
1821;33.2;47.87;NA;58.1;NA;60.2
1822;-5.8;3.00;-13.0;16.1;NA;15.7
1823;36.6;44.00;NA;57.1;NA;52.1
1824;33.6;42.00;NA;51.7;NA;46.7
1825;9.7;19.65;14.0;24.7;NA;39.0
1826;18.5;32.65;23.1;35.1;NA;40.0
1827;18.5;28.65;25.6;35.7;NA;40.7
1828;15.3;31.87;23.6;41.7;NA;37.7
1829;25.3;42.65;37.6;51.7;NA;50.5
1830;15.6;28.87;33.6;48.1;NA;43.1
1831;13.4;28.87;33.1;36.1;NA;45.1
1832;20.5;34.65;27.1;51.1;NA;47.4
1833;20.7;28.65;26.6;39.7;NA;41.0
1834;9.0;15.87;14.1;31.1;NA;28.3
1835;24.0;35.65;30.1;40.7;NA;46.0
1836;23.8;36.65;26.6;40.1;NA;46.2
1837;25.8;40.40;29.6;48.7;NA;49.0
1838;29.3;38.40;35.0;48.1;NA;49.3
1839;26.3;30.76;21.4;40.1;NA;40.8
1840;18.6;25.40;24.0;41.1;NA;40.5
1841;19.3;27.33;21.4;47.1;NA;37.5
1842;21.8;20.40;13.3;34.1;NA;31.9
1843;36.3;46.76;36.7;59.1;NA;53.6
1844;14.8;22.76;23.7;33.1;NA;40.2
1845;38.1;37.01;31.7;57.1;NA;50.1
1846;14.3;13.18;8.8;27.1;NA;29.5
1847;25.3;34.76;28.8;44.6;NA;43.0
1848;19.8;28.76;22.2;40.6;NA;40.3
1849;21.0;27.01;23.7;38.1;NA;38.2
1850;29.2;36.51;24.3;45.1;NA;49.5
1851;26.9;35.01;28.8;50.6;NA;52.0
1852;24.3;25.16;23.0;40.6;NA;40.3
1853;39.2;36.49;29.2;61.6;NA;51.5
1854;35.0;28.65;29.8;54.6;NA;41.0
1855;36.8;35.58;27.0;50.1;NA;47.7
1856;29.9;31.87;26.8;44.1;NA;47.3
1857;19.0;21.25;15.3;34.6;NA;39.2
1858;20.0;19.75;16.3;32.6;NA;36.0
1859;22.0;20.32;20.3;31.1;NA;35.7
1860;28.0;36.51;34.8;57.6;NA;52.3
1861;21.8;25.87;21.3;38.6;NA;35.4
1862;19.0;22.87;18.3;39.1;NA;33.4
1863;23.1;24.07;25.5;38.1;NA;35.5
1864;17.2;27.76;22.2;35.1;NA;40.9
1865;6.2;10.32;1.1;20.1;NA;25.9
1866;20.8;25.93;27.3;44.1;NA;46.0
1867;18.3;27.93;26.8;49.6;NA;41.3
1868;6.4;11.76;11.1;32.6;NA;24.4
1869;14.9;21.26;23.8;49.1;NA;37.7
1870;10.2;20.49;11.5;28.6;NA;32.7
1871;22.2;34.82;28.0;43.6;NA;42.7
1872;25.8;27.82;24.3;47.6;NA;41.3
1873;22.8;29.65;28.7;46.1;NA;39.7
1874;15.0;22.07;16.7;34.1;NA;35.3
1875;23.2;23.87;21.3;45.6;NA;33.0
1876;29.0;35.87;26.8;37.1;NA;45.3
1877;26.0;34.87;27.4;43.1;NA;44.0
1878;24.0;34.00;24.3;52.6;NA;46.7
1879;44.2;47.76;37.8;70.6;NA;51.7
1880;22.6;30.83;22.5;63.0;NA;40.5
1881;21.1;25.75;22.6;34.0;NA;35.5
1882;25.1;35.57;33.8;48.0;NA;43.5
1883;29.6;33.68;25.9;44.0;NA;42.0
1884;25.1;28.58;22.8;40.0;NA;32.5
1885;26.1;25.33;23.0;42.0;NA;35.0
1886;24.6;28.58;22.9;50.0;NA;39.0
1887;24.6;28.93;26.9;47.0;NA;34.0
1888;32.1;34.16;30.4;50.0;NA;40.5
1889;35.6;25.16;12.4;44.0;NA;43.0
1890;31.1;31.00;29.9;50.0;NA;41.5
1891;34.6;39.58;39.0;51.0;NA;41.0
1892;17.6;21.93;17.0;33.0;NA;27.0
1893;-12.4;-2.67;-2.2;11.0;28.0;22.5
1894;28.1;29.00;25.4;49.0;39.0;37.5
1895;21.1;23.00;17.9;41.0;38.0;27.0
1896;16.1;26.87;23.8;28.0;42.0;36.0
1897;15.6;20.00;16.0;39.0;27.0;20.0
1898;20.1;30.00;38.4;47.0;42.0;39.0
1899;21.1;25.87;23.9;36.0;25.0;28.5
1900;18.1;27.87;18.0;33.0;32.0;30.0
1901;10.6;15.43;19.5;31.0;34.0;24.0
1902;20.6;32.00;31.0;42.0;NA;36.5
1903;22.1;33.87;33.0;45.0;40.0;33.5
1904;15.1;17.87;17.0;33.0;26.0;18.0
1905;13.6;23.87;23.0;32.0;48.0;27.5
1906;11.6;21.43;18.0;28.0;40.0;30.5
1907;22.1;33.43;30.0;49.0;34.0;39.5
1908;14.1;21.93;16.0;35.0;49.0;29.0
1909;22.1;32.43;26.0;41.0;48.0;40.5
1910;36.4;19.00;NA;49.0;55.0;37.5
1911;14.4;12.87;10.0;29.0;41.0;26.0
1912;19.4;27.93;28.0;38.0;44.0;46.5
1913;22.9;31.93;36.0;47.0;45.0;30.0
1914;19.1;34.43;28.0;42.0;45.0;36.0
1915;19.1;15.00;10.0;34.0;42.0;26.5
1916;24.1;35.00;25.0;43.0;46.0;37.5
1917;16.1;25.00;10.0;34.0;NA;19.0
1918;22.1;24.43;24.0;38.0;NA;31.5
1919;19.1;25.87;28.0;34.0;NA;32.5
1920;18.9;22.93;22.0;58.0;NA;25.0
1921;13.1;19.87;19.0;38.0;37.0;22.0
1922;10.9;25.50;23.0;44.0;41.0;35.0
1923;26.1;29.00;38.0;40.0;NA;37.0
1924;15.9;22.87;24.3;41.0;31.0;31.5
1925;28.9;22.93;29.3;45.0;59.0;30.0
1926;23.4;25.43;35.3;46.0;58.0;38.6
1927;19.4;22.93;22.8;45.0;40.0;26.6
1928;17.4;24.87;27.8;35.0;38.0;27.6
1929;22.1;24.43;25.3;39.0;33.0;26.6
1930;26.4;27.43;25.3;48.0;42.0;33.6
1931;20.1;25.87;27.0;44.0;42.0;32.6
1932;39.9;38.50;34.0;45.0;42.0;40.3
1933;20.1;25.87;22.8;37.0;42.0;36.0
1934;16.1;15.87;15.0;36.0;42.0;19.6
1935;24.1;30.87;29.0;38.0;42.0;34.0
1936;31.1;30.50;31.0;41.0;42.0;31.1
1937;19.1;23.00;21.0;42.0;42.0;25.0
1938;24.7;36.00;28.0;45.0;42.0;39.3
1939;26.2;42.68;34.0;41.0;42.0;44.0
1940;24.4;23.00;25.0;42.0;40.0;27.6
1941;24.9;37.43;36.0;45.0;57.0;39.0
1942;21.1;25.68;24.0;44.0;33.0;25.6
1943;14.7;19.64;15.0;40.0;34.0;23.0
1944;20.9;29.75;27.0;40.0;46.0;29.0
1945;8.9;17.00;8.0;NA;45.0;12.0
1946;29.8;24.64;28.0;37.0;44.0;25.0
1947;13.1;15.70;5.0;29.0;36.0;18.6
1948;20.8;25.20;20.0;31.0;43.0;36.6
1949;26.1;24.64;19.0;26.0;29.0;29.0
1950;17.1;21.00;11.0;27.0;34.0;28.0
1951;34.1;34.14;31.0;46.0;47.0;41.0
1952;16.1;16.93;8.0;26.0;43.0;22.3
1953;28.8;23.20;15.0;35.0;43.0;32.6
1954;35.4;37.45;27.0;48.0;50.0;44.0
1955;25.1;30.50;28.0;34.0;36.0;36.6
1956;39.2;41.16;38.0;45.0;52.0;42.6
1957;29.1;32.00;20.0;37.0;46.0;33.6
1958;35.4;29.87;31.0;46.0;43.0;29.6
1959;20.6;14.35;10.0;26.0;40.0;23.6
1960;13.4;19.87;12.0;29.0;40.0;27.6
1961;14.6;24.50;20.0;33.0;33.0;30.0
1962;30.7;37.10;34.0;48.0;45.0;38.6
1963;33.1;35.87;35.0;51.0;52.0;39.6
1964;25.1;20.83;17.0;35.0;32.0;25.3
1965;30.6;41.16;39.5;52.0;44.0;41.6
1966;22.5;25.50;23.0;41.0;43.0;26.6
1967;22.2;30.68;28.0;40.0;48.0;28.0
1968;24.3;31.00;33.5;45.0;48.0;28.0
1969;23.5;34.87;31.0;36.0;47.0;29.3
1970;26.5;28.92;27.0;36.0;44.0;31.3
1971;26.6;16.41;18.0;35.0;59.5;26.2
1972;36.1;36.00;42.0;50.0;58.5;36.7
1973;24.9;23.28;28.0;35.0;45.5;28.1
1974;26.6;24.39;28.0;40.0;57.5;30.2
1975;24.1;28.16;30.5;39.0;55.0;25.6
1976;11.7;7.87;1.0;20.0;39.0;15.6
1977;34.4;34.07;36.0;NA;64.0;38.1
1978;35.2;35.41;39.0;NA;60.5;39.5
1979;29.7;27.41;33.0;43.3;45.5;29.5
1980;34.7;38.23;39.0;48.3;58.0;37.2
1981;24.2;23.66;28.0;41.3;43.0;20.7
1982;14.7;17.23;20.0;25.3;39.5;17.7
1983;27.2;24.70;29.0;38.3;36.5;19.7
1984;27.2;31.16;38.0;43.3;40.5;30.6
1985;23.7;26.00;30.0;40.3;46.5;33.6
1986;27.7;24.41;30.0;42.4;41.0;27.5
1987;28.7;28.28;37.0;44.4;46.5;31.7
1988;27.2;21.81;26.0;35.9;33.0;22.6
1989;1.2;13.20;12.0;21.3;32.5;16.5
1990;9.2;17.62;16.0;25.4;31.5;18.6
1991;25.7;25.41;31.0;40.3;43.0;24.5
1992;19.7;15.00;19.0;24.9;44.5;15.6
1993;17.2;15.92;14.0;32.4;34.0;17.0
1994;13.2;17.55;19.0;27.9;22.5;10.0
1995;13.2;21.92;25.0;31.3;36.0;22.0
1996;17.7;19.47;22.0;33.9;37.5;26.6
1997;12.7;12.24;18.0;32.9;28.5;21.6
1998;15.7;17.66;17.0;34.3;45.0;14.5
1999;4.2;15.66;19.0;27.4;38.5;23.0
2000;15.7;11.74;17.0;29.4;33.5;6.0
2001;18.7;19.57;26.0;30.9;41.5;20.0
2002;26.7;16.20;17.0;34.4;35.0;20.3
2003;-4.3;-11.42;-4.0;13.3;27.0;-7.7
2004;11.1;21.16;26.0;31.0;37.5;24.8
2005;-4.9;12.04;16.0;24.0;30.0;20.8
2006;16.1;17.16;16.0;28.3;28.5;19.8
2007;NA;1.00;NA;NA;33.0;16.0
2008;NA;26.00;NA;NA;NA;NA
2009;NA;8.00;NA;NA;NA;NA
2010;NA;20.00;NA;NA;NA;NA